{"final_norm.scale": [2.224900722503662, 1.8246015310287476, 1.8605190515518188, 2.126357316970825, 1.0907706022262573, 1.962239384651184, 1.8709806203842163, 0.8254182934761047, 2.1306514739990234, 2.099494695663452, 1.9544119834899902, 1.800179362297058, 2.096468925476074, 1.9629229307174683, 2.2884340286254883, 1.4693232774734497, 2.0786592960357666, 1.5140436887741089, 2.1863720417022705, 1.0744812488555908, 1.524886965751648, 1.8296244144439697, 2.104360580444336, 2.4366915225982666, 1.9709159135818481, 1.8254841566085815, 2.1021063327789307, 2.0460824966430664, 0.663029670715332, 2.1460437774658203, 1.6793445348739624, 1.7320972681045532], "final_norm.shift": [0.32319191098213196, -0.29275986552238464, -0.6439957022666931, 0.2102304995059967, 0.20940281450748444, 0.25089195370674133, 0.13291077315807343, 0.2930353283882141, 0.12413991987705231, -0.2783413231372833, 0.07951930165290833, 0.004137307405471802, 0.21994274854660034, -0.3509063422679901, -0.37356412410736084, -0.4061451256275177, -0.11986588686704636, 0.25621145963668823, -0.1597064584493637, -0.7732527256011963, -0.41637083888053894, -0.32936322689056396, -0.32362303137779236, -0.40256550908088684, 0.3368315100669861, 0.16159211099147797, 0.13875769078731537, -0.07247564196586609, 0.2938573360443115, 0.2994191348552704, -0.5911405086517334, 0.13002385199069977]}