{"final_norm.scale": [2.1443891525268555, 2.292022228240967, 2.1867024898529053, 1.9515236616134644, 2.1879634857177734, 1.9762139320373535, 1.8114672899246216, 2.243729591369629, 2.2402822971343994, 2.252610206604004, 2.298103094100952, 1.8549600839614868, 2.1320276260375977, 2.255826950073242, 2.3852734565734863, 0.9809024333953857, 1.9926087856292725, 2.2399096488952637, 1.9593764543533325, 2.309601306915283, 2.1156716346740723, 2.3558123111724854, 1.9387187957763672, 2.0751302242279053, 2.4275059700012207, 1.3908538818359375, 2.087172031402588, 1.6587162017822266, 0.8821752667427063, 2.1348495483398438, 2.3354108333587646, 2.2505106925964355], "final_norm.shift": [0.05587178096175194, 0.45820868015289307, -0.20962727069854736, 0.41345125436782837, -0.07898648828268051, 0.6717418432235718, 0.6481051445007324, -0.09762056171894073, 0.005552873946726322, 0.21035341918468475, 0.11449475586414337, 0.4920985698699951, -0.3065464496612549, -0.058338724076747894, -0.07945220172405243, -0.0761893019080162, -0.016318779438734055, -0.17203524708747864, 0.3688840866088867, -0.03249251842498779, 0.3206484019756317, -0.08058568090200424, -0.2663062512874603, -0.10613388568162918, 0.4645118713378906, 0.7174693942070007, 0.30231767892837524, 0.9020856618881226, -0.18263906240463257, 0.020541537553071976, -0.03438455983996391, -0.14575999975204468]}