{"final_norm.scale": [2.256546974182129, 2.212362766265869, 2.1299631595611572, 1.980746865272522, 2.386902093887329, 2.24127197265625, 2.0643603801727295, 2.466787338256836, 2.3191232681274414, 2.133892297744751, 2.3341095447540283, 2.2400805950164795, 2.4036600589752197, 2.4604332447052, 2.3530335426330566, 2.4182040691375732, 2.2077951431274414, 2.458258867263794, 2.5209717750549316, 2.4684882164001465, 1.9582152366638184, 2.333007335662842, 2.4142844676971436, 0.7379646897315979, 1.3332676887512207, 2.3101646900177, 2.5326852798461914, 2.194236993789673, 2.397897720336914, 2.2797842025756836, 2.0904531478881836, 2.4685826301574707], "final_norm.shift": [-0.044569626450538635, -0.22649893164634705, -0.46672323346138, -0.4533710479736328, 0.25771477818489075, -0.38004761934280396, 0.08028119802474976, 0.08425316214561462, 0.347669392824173, 0.00920505914837122, -0.26358652114868164, 0.2820073664188385, -0.5359805822372437, -0.2890174984931946, 0.1452191025018692, 0.06015428155660629, -0.26910659670829773, -0.6618847846984863, 0.0017528956523165107, 0.2872260510921478, -0.42672133445739746, -0.13214130699634552, 0.16746331751346588, -0.19674035906791687, -0.27624887228012085, -0.2568235993385315, 0.09649523347616196, 0.16529999673366547, 0.1572883427143097, -0.19180075824260712, -0.34662365913391113, -0.021250508725643158]}