{"final_norm.scale": [2.1938881874084473, 1.8752232789993286, 0.703116774559021, 2.0873911380767822, 1.6303914785385132, 1.9640775918960571, 1.795783281326294, 1.7567600011825562, 2.1293797492980957, 2.2403202056884766, 2.1382970809936523, 2.2738518714904785, 2.2279672622680664, 2.232262134552002, 2.3987653255462646, 1.8221218585968018, 2.2820730209350586, 2.3174831867218018, 2.1833183765411377, 1.7496533393859863, 2.17883038520813, 1.9237401485443115, 1.8962697982788086, 2.3926589488983154, 2.2601230144500732, 1.601318359375, 2.3373725414276123, 1.7926820516586304, 1.8410485982894897, 2.169757604598999, 1.7467447519302368, 2.1935958862304688], "final_norm.shift": [0.063686303794384, 0.6268104910850525, -0.5747473239898682, 0.14467744529247284, -0.04451565071940422, -0.281671941280365, 0.32761111855506897, 0.08311939984560013, -0.040367547422647476, -0.021164486184716225, 0.4654242992401123, -0.12366724014282227, 0.001641206443309784, 0.19604550302028656, 0.12206234782934189, -0.07409370690584183, 0.39850154519081116, -0.23175084590911865, 0.41712865233421326, 0.7315676808357239, -0.3017556965351105, 0.5918282866477966, 0.47717466950416565, -0.10149739682674408, -0.034819867461919785, 0.48841726779937744, -0.10049374401569366, -0.13734574615955353, 0.13722103834152222, -0.3214629292488098, 0.09074060618877411, -0.02715993858873844]}