{"final_norm.scale": [2.104139566421509, 1.6655552387237549, 1.729321002960205, 2.0499939918518066, 0.7720955014228821, 1.9731364250183105, 1.889658808708191, 1.7434426546096802, 2.017320394515991, 1.9857999086380005, 1.953059196472168, 1.6994200944900513, 1.9686404466629028, 1.9571443796157837, 2.332493305206299, 1.633579134941101, 1.9947068691253662, 0.7870295643806458, 2.0212790966033936, 1.2171818017959595, 1.7158935070037842, 1.7753846645355225, 2.0174243450164795, 2.406290292739868, 2.1139919757843018, 1.766027808189392, 1.998173713684082, 1.9955800771713257, 1.059083104133606, 2.325411796569824, 1.9490289688110352, 1.3372037410736084], "final_norm.shift": [0.17382365465164185, -0.3277079164981842, -0.5171191096305847, 0.14959187805652618, 0.2896539866924286, 0.30441907048225403, 0.1217307448387146, 0.039765309542417526, -0.12475935369729996, -0.4045478403568268, 0.2551017999649048, -0.009865708649158478, 0.141839399933815, -0.275779128074646, -0.35730504989624023, -0.4980710744857788, -0.02377680130302906, 0.5501192212104797, -0.22134676575660706, -0.7852567434310913, -0.19926780462265015, -0.41125568747520447, -0.43121057748794556, -0.4172743856906891, 0.2942584156990051, 0.1160798966884613, 0.038635917007923126, -0.13443352282047272, 0.43313905596733093, 0.17373126745224, -0.41005995869636536, 0.036348938941955566]}