{"final_norm.scale": [2.211846113204956, 2.1057398319244385, 2.077545404434204, 1.9503535032272339, 1.9364631175994873, 2.1032135486602783, 1.6872529983520508, 2.125068426132202, 2.197545051574707, 1.833537220954895, 2.022559881210327, 2.095369815826416, 2.1600301265716553, 2.2915282249450684, 1.8526113033294678, 2.2339627742767334, 1.956586241722107, 2.0512869358062744, 2.415482997894287, 2.3337154388427734, 1.7858351469039917, 2.0916078090667725, 2.157461404800415, 0.6185804605484009, 1.21502685546875, 2.069225311279297, 2.1914291381835938, 2.1292884349823, 2.142559766769409, 2.2276358604431152, 2.0799317359924316, 2.1897714138031006], "final_norm.shift": [-0.036038100719451904, -0.19945955276489258, -0.483615905046463, -0.5432347655296326, 0.15943266451358795, -0.46849772334098816, -0.03860245645046234, 0.018392786383628845, 0.1930091679096222, -0.10205850005149841, -0.2974914610385895, 0.29828616976737976, -0.5510042905807495, -0.13936151564121246, 0.18163447082042694, 0.0035053384490311146, -0.2358350306749344, -0.6144773364067078, -0.03577614575624466, 0.2003719061613083, -0.47045937180519104, -0.19739261269569397, 0.19624453783035278, -0.004088667221367359, -0.19881980121135712, -0.13199256360530853, 0.062368523329496384, 0.1722964197397232, 0.188663512468338, -0.1508243829011917, -0.30376267433166504, -0.16596227884292603]}