{"final_norm.scale": [2.19254207611084, 1.8324042558670044, 0.8590028882026672, 1.8927913904190063, 1.0312217473983765, 2.0395781993865967, 1.4700696468353271, 1.9362306594848633, 2.143857002258301, 2.1151609420776367, 2.057513475418091, 2.1090598106384277, 2.185500144958496, 1.7119749784469604, 2.1708383560180664, 1.9012407064437866, 2.2106239795684814, 2.136244058609009, 2.030489683151245, 1.725973129272461, 2.2912256717681885, 1.7270978689193726, 1.9407576322555542, 2.337975263595581, 2.246413469314575, 1.4213498830795288, 2.2663180828094482, 1.713221549987793, 1.831515908241272, 2.084404468536377, 1.713562250137329, 2.2221014499664307], "final_norm.shift": [-0.0027422651182860136, 0.6799865365028381, -0.48223719000816345, 0.2189636081457138, -0.3148157000541687, -0.44205716252326965, 0.3048929274082184, 0.0033041024580597878, -0.07302390784025192, -0.031565599143505096, 0.4924236238002777, -0.16527055203914642, 0.058269668370485306, 0.04720716178417206, 0.22428452968597412, -0.13604341447353363, 0.4191035330295563, -0.06887545436620712, 0.40598416328430176, 0.6641292572021484, -0.24333755671977997, 0.592154860496521, 0.5608631372451782, -0.07558596134185791, -0.04921247810125351, 0.6362583041191101, -0.07366499304771423, -0.0737539678812027, 0.11442463099956512, -0.41575783491134644, 0.13294966518878937, 0.10656444728374481]}