{"final_norm.scale": [2.1167826652526855, 2.1196367740631104, 1.9535011053085327, 1.7126338481903076, 1.89496910572052, 1.4585216045379639, 1.804301142692566, 2.0894534587860107, 1.855087161064148, 2.054969072341919, 2.1670660972595215, 1.6975802183151245, 2.030473470687866, 2.244041919708252, 2.276352882385254, 0.9931252002716064, 1.8072333335876465, 1.8750619888305664, 1.813857078552246, 2.1042988300323486, 1.9277235269546509, 2.2554521560668945, 1.971000075340271, 2.1194911003112793, 2.1962480545043945, 1.4863888025283813, 1.930511236190796, 1.1652448177337646, 0.7226029634475708, 1.5895981788635254, 2.0394375324249268, 2.0495810508728027], "final_norm.shift": [0.18793527781963348, 0.33814018964767456, -0.14974325895309448, 0.4381874203681946, 0.0002304332738276571, 0.794647753238678, 0.6023640632629395, -0.10262475162744522, 0.0262300968170166, 0.09606179594993591, 0.06132026016712189, 0.4791111946105957, -0.22546090185642242, 0.028869150206446648, -0.05476070195436478, -0.045552320778369904, -0.10036885738372803, 0.057060062885284424, 0.31974872946739197, 0.006929039489477873, 0.31830281019210815, -0.08240316808223724, -0.09498418867588043, -0.10530655086040497, 0.5660902261734009, 0.44388678669929504, 0.2744321823120117, 0.8902112245559692, -0.31013622879981995, -0.31549257040023804, -0.06276790052652359, -0.08196021616458893]}