{"final_norm.scale": [2.157421350479126, 1.4728742837905884, 1.9610133171081543, 2.212965965270996, 0.850891649723053, 1.9530613422393799, 1.9061741828918457, 1.337083101272583, 2.2316644191741943, 2.0032546520233154, 1.7238496541976929, 2.064534902572632, 1.9949907064437866, 2.025261163711548, 2.2634706497192383, 1.3486242294311523, 2.0140295028686523, 0.8951513171195984, 2.1598849296569824, 1.2083097696304321, 1.8166368007659912, 1.882403016090393, 2.064833641052246, 2.4216160774230957, 1.9905866384506226, 1.995171308517456, 2.0750815868377686, 2.1205945014953613, 0.8698871731758118, 2.2125346660614014, 1.6775797605514526, 1.5598344802856445], "final_norm.shift": [0.2650226354598999, -0.4856884777545929, -0.6956722140312195, 0.13425233960151672, 0.4531910717487335, 0.2663118243217468, 0.10028793662786484, 0.28590476512908936, -0.09673196822404861, -0.2862052619457245, -0.045364394783973694, -0.17010504007339478, 0.1928756833076477, -0.2713051438331604, -0.5675384402275085, -0.38893890380859375, -0.05034903809428215, 0.5270940065383911, -0.18141590058803558, -0.7818160653114319, -0.31581151485443115, -0.3951050341129303, -0.3927574157714844, -0.44213351607322693, 0.23847617208957672, 0.20542769134044647, 0.030632678419351578, -0.1297638714313507, 0.1289886236190796, 0.1646152138710022, -0.5852175951004028, 0.10002680867910385]}