{"final_norm.scale": [2.103389263153076, 1.936159372329712, 2.037125587463379, 1.666176199913025, 1.9572738409042358, 1.747465968132019, 2.0385942459106445, 2.303985357284546, 2.177213191986084, 2.3007984161376953, 2.3628528118133545, 2.0448877811431885, 2.2063796520233154, 2.2277438640594482, 2.203131914138794, 1.3082756996154785, 1.972709059715271, 1.4179301261901855, 1.9940675497055054, 2.3306612968444824, 2.0965354442596436, 2.4373857975006104, 2.155690908432007, 2.0971107482910156, 2.3277668952941895, 1.6117398738861084, 2.1533448696136475, 0.8709760904312134, 0.9242612719535828, 1.3316949605941772, 2.4854736328125, 2.2128820419311523], "final_norm.shift": [-0.11195394396781921, 0.2198939025402069, -0.2311469316482544, 0.3426409065723419, -0.07087551802396774, 0.6519806981086731, 0.5704578757286072, -0.24312683939933777, -0.06516510993242264, 0.020476700738072395, -0.025350091978907585, 0.39506199955940247, -0.4964916408061981, 0.08418633788824081, -0.2579025626182556, -0.0013461471535265446, -0.23016797006130219, 0.38501599431037903, 0.2390972524881363, -0.06966768950223923, 0.3168051838874817, -0.0991550013422966, -0.25095582008361816, -0.2616809010505676, 0.4935794472694397, 0.18030942976474762, 0.1500808149576187, 1.1149121522903442, -0.19474416971206665, -0.6068820953369141, -0.11115922778844833, -0.211362823843956]}