{"final_norm.scale": [2.19608211517334, 1.9498010873794556, 2.1210498809814453, 1.7963663339614868, 1.9809561967849731, 1.7958804368972778, 1.87930166721344, 2.1719162464141846, 2.003356695175171, 1.9401066303253174, 2.1534178256988525, 1.9441473484039307, 2.0411479473114014, 2.1586883068084717, 2.2833244800567627, 1.3410332202911377, 1.7955034971237183, 1.922235369682312, 1.924566388130188, 2.276099443435669, 2.0291285514831543, 2.2675137519836426, 2.160083055496216, 2.083007335662842, 2.2849843502044678, 1.9469573497772217, 2.0735766887664795, 0.7392187118530273, 0.8080340027809143, 1.4006174802780151, 2.2600152492523193, 2.0066163539886475], "final_norm.shift": [0.01731305941939354, 0.15728668868541718, -0.1920550912618637, 0.47607409954071045, -0.07679148018360138, 0.6659296751022339, 0.501427173614502, -0.204836905002594, -0.0687982439994812, -0.03867291659116745, 0.11618717759847641, 0.31662508845329285, -0.22803853452205658, 0.011550599709153175, -0.15712152421474457, -0.007450816221535206, -0.1625964194536209, -0.05711984634399414, 0.38003411889076233, -0.006758851930499077, 0.293714702129364, -0.10508088022470474, -0.20544488728046417, -0.24587659537792206, 0.506277859210968, 0.36473292112350464, 0.20591449737548828, 1.1603038311004639, -0.43101581931114197, -0.49257853627204895, -0.07073364406824112, -0.12408825755119324]}