{"final_norm.scale": [2.3356127738952637, 2.1048800945281982, 1.975282907485962, 1.9893466234207153, 2.0551490783691406, 2.0816991329193115, 1.6174672842025757, 2.056558609008789, 2.09702730178833, 2.017714023590088, 2.313699722290039, 2.1875476837158203, 2.128223419189453, 2.122378349304199, 2.1202592849731445, 2.3261725902557373, 2.0151562690734863, 2.2493507862091064, 2.3493869304656982, 2.130155324935913, 1.89409339427948, 2.187551498413086, 1.9114482402801514, 0.64077228307724, 1.261400580406189, 2.2104337215423584, 2.145872116088867, 2.059758424758911, 2.3034157752990723, 2.1953177452087402, 1.8911014795303345, 2.2594518661499023], "final_norm.shift": [0.016701530665159225, -0.22215764224529266, -0.5109543800354004, -0.4386104643344879, 0.19048453867435455, -0.5000631213188171, -0.07001122832298279, 0.05948188155889511, 0.15260189771652222, -0.07327727973461151, -0.3164041042327881, 0.277180016040802, -0.5455159544944763, -0.20584310591220856, 0.13525807857513428, 0.06593386828899384, -0.32565245032310486, -0.6234416365623474, 0.13381031155586243, 0.29729101061820984, -0.3964691758155823, -0.14154469966888428, 0.2962381839752197, 0.044875066727399826, -0.3573426604270935, -0.13393206894397736, 0.060571737587451935, 0.12218046933412552, 0.057375501841306686, -0.13447821140289307, -0.32248592376708984, -0.15606814622879028]}