{"final_norm.scale": [2.1864733695983887, 2.0212340354919434, 0.796194851398468, 1.6029369831085205, 1.6540324687957764, 1.87555992603302, 1.7271093130111694, 1.3757352828979492, 2.08217716217041, 2.2155354022979736, 2.0173232555389404, 2.132551431655884, 2.1539151668548584, 2.1809704303741455, 2.241002321243286, 1.8577779531478882, 2.1721324920654297, 2.2393133640289307, 2.0654399394989014, 1.9054439067840576, 2.1136136054992676, 2.0601673126220703, 2.089874744415283, 2.3061671257019043, 2.152273178100586, 1.122277021408081, 2.337902069091797, 1.7224805355072021, 1.419579029083252, 2.1056723594665527, 1.365735650062561, 2.326287269592285], "final_norm.shift": [-0.147095188498497, 0.5503913164138794, -0.6917016506195068, 0.15038610994815826, -0.11323221027851105, -0.5377535820007324, 0.38081079721450806, 0.2778494656085968, -0.02877603843808174, -0.04421254247426987, 0.37900838255882263, -0.23571278154850006, 0.03635258600115776, 0.17319358885288239, 0.108922079205513, -0.2652992904186249, 0.33092331886291504, -0.19583319127559662, 0.43452125787734985, 0.6011638045310974, -0.21153336763381958, 0.555464506149292, 0.49225354194641113, -0.04479176178574562, -0.10214311629533768, 0.17959021031856537, -0.15872089564800262, -0.13786256313323975, 0.30712616443634033, -0.34247931838035583, -0.12311389297246933, 0.025138599798083305]}