{"final_norm.scale": [2.101504325866699, 2.1161279678344727, 1.9644099473953247, 1.8917573690414429, 1.9602328538894653, 2.092304229736328, 1.647687315940857, 2.093597173690796, 1.9345407485961914, 1.7551026344299316, 2.1985514163970947, 2.097264528274536, 2.0520665645599365, 2.2671046257019043, 2.0171289443969727, 2.2680299282073975, 2.0802576541900635, 2.2065443992614746, 2.5131030082702637, 2.183863401412964, 1.920697569847107, 2.0935442447662354, 2.3134663105010986, 0.9166569113731384, 0.7214798927307129, 2.14398455619812, 2.1529347896575928, 2.1287388801574707, 2.2371602058410645, 2.1747653484344482, 2.016911268234253, 2.0989773273468018], "final_norm.shift": [0.05057143419981003, -0.28228506445884705, -0.42434796690940857, -0.49465030431747437, 0.24536487460136414, -0.35257861018180847, 0.04019094631075859, 0.24190862476825714, 0.20761412382125854, -0.0352250300347805, -0.23616714775562286, 0.4078497886657715, -0.47490227222442627, -0.10750018805265427, 0.144184410572052, 0.13251520693302155, -0.2193419486284256, -0.6474039554595947, 0.018803127110004425, 0.37948641180992126, -0.43003374338150024, -0.17138054966926575, 0.4037711024284363, 0.08196832239627838, 0.1622600555419922, -0.19591458141803741, 0.1049090102314949, 0.17664600908756256, 0.11134336143732071, -0.1399819254875183, -0.2727431654930115, -0.18572835624217987]}