{"final_norm.scale": [2.366321563720703, 1.8494603633880615, 0.7594762444496155, 2.009891986846924, 2.000190496444702, 1.9378107786178589, 1.8921993970870972, 1.886565923690796, 2.4254112243652344, 2.47013521194458, 1.9610791206359863, 2.3907580375671387, 2.211003303527832, 2.2591521739959717, 2.1959922313690186, 1.899549961090088, 2.274336099624634, 2.2049143314361572, 1.9965333938598633, 2.00610613822937, 2.0602495670318604, 1.9230444431304932, 1.976433515548706, 2.609530448913574, 2.1970229148864746, 1.487882137298584, 2.53802752494812, 1.859088659286499, 1.6889138221740723, 2.470372200012207, 1.7128108739852905, 2.3858392238616943], "final_norm.shift": [-0.08049315959215164, 0.5170015096664429, -0.6222394108772278, 0.06432075053453445, -0.0713939219713211, -0.4609316289424896, 0.5014946460723877, 0.16130311787128448, -0.07539676129817963, -0.04456864297389984, 0.35270795226097107, -0.22119219601154327, -0.06371381133794785, 0.21921078860759735, 0.06810778379440308, -0.09522134810686111, 0.3710753917694092, -0.1725088357925415, 0.4937407374382019, 0.550727128982544, -0.11739975959062576, 0.7825493216514587, 0.6126012206077576, 0.06463323533535004, -0.020740000531077385, 0.5604062676429749, 0.0032379755284637213, -0.19647428393363953, 0.16080568730831146, -0.28084778785705566, -0.06285014748573303, 0.02489602379500866]}