{"final_norm.scale": [2.389007091522217, 1.7330673933029175, 1.9110702276229858, 2.2999823093414307, 0.8044683933258057, 1.7785109281539917, 1.9277790784835815, 1.9860388040542603, 2.071352481842041, 2.304173469543457, 2.190997362136841, 1.9001692533493042, 2.176640510559082, 2.260633945465088, 2.596574306488037, 1.8601093292236328, 2.1102941036224365, 0.8702506422996521, 2.1290762424468994, 1.7181727886199951, 1.7172600030899048, 2.250535488128662, 2.154571771621704, 2.4727284908294678, 2.275716543197632, 1.7027065753936768, 2.3482584953308105, 2.274627685546875, 1.484497308731079, 2.184680223464966, 2.021444320678711, 1.511080265045166], "final_norm.shift": [0.2561730444431305, -0.4505646228790283, -0.645588755607605, 0.027235696092247963, 0.4578337073326111, 0.26372408866882324, -0.003790479153394699, 0.009116878733038902, -0.05474884808063507, -0.5667920708656311, 0.013672346249222755, -0.1599157601594925, 0.021259743720293045, -0.3291379511356354, -0.46808719635009766, -0.48152095079421997, -0.04400491341948509, 0.4093568027019501, -0.3292231261730194, -0.7368999123573303, -0.4558926820755005, -0.31609591841697693, -0.15804260969161987, -0.40698376297950745, 0.14296291768550873, 0.09578733891248703, 0.09206506609916687, -0.09072111546993256, 0.5356054306030273, 0.13234376907348633, -0.5180357098579407, 0.11203208565711975]}